id;nome;descricao;data_inicio;data_fim
1;psst;ha revoke;2025-01-22;2025-01-22
2;drat whup amid;toward hm dissemble;2025-01-22;2025-01-22
3;equatorial zowie;rewrite favorable;2025-01-22;2025-01-22
4;compassionate gleefully;because yeast slump;2025-01-22;2025-01-22
5;hawk scamper intervention;perfectly;2025-01-22;2025-01-22
6;wherever;ah;2025-01-22;2025-01-22
7;amnesty delirious zen;stealthily yum haunting;2025-01-22;2025-01-22
8;promptly cultivated;worth gosh;2025-01-22;2025-01-22
9;quietly mysteriously back;curl meanwhile;2025-01-22;2025-01-22
10;aw;muddy obnoxiously;2025-01-22;2025-01-22
